tournament_year,raw_ground,venue_id,canonical_venue_name,city,country,country_code,latitude,longitude,coordinate_precision,source_name,source_reference,verified_at,notes
1930,"Estadio Pocitos, Montevideo",abe74309470beff1,Estadio Pocitos,Montevideo,Uruguay,UY,-34.905053,-56.1562,stadium,Wikidata,https://www.wikidata.org/wiki/Q741103,2026-07-15,
1930,"Estadio Parque Central, Montevideo",7e26ac6ae024778f,Estadio Parque Central,Montevideo,Uruguay,UY,-34.884458,-56.158729,stadium,OpenStreetMap,https://www.openstreetmap.org/way/37578954,2026-07-15,
1930,"Estadio Centenario, Montevideo",9be26f93f30babd0,Estadio Centenario,Montevideo,Uruguay,UY,-34.894539,-56.152684,stadium,OpenStreetMap,https://www.openstreetmap.org/relation/2512517,2026-07-15,
1934,"Stadio Littoriale, Bologna",50c2783b9b11e35d,Stadio Renato Dall'Ara,Bologna,Italy,IT,44.492317,11.309997,stadium,OpenStreetMap,https://www.openstreetmap.org/way/823094953,2026-07-15,
1934,"Stadio Benito Mussolini, Turin",0944c9c5405e7ac7,Stadio Olimpico Grande Torino,Turin,Italy,IT,45.041743,7.650018,stadium,OpenStreetMap,https://www.openstreetmap.org/way/124253933,2026-07-15,
1934,"Stadio Giovanni Berta, Florence",7a550898ce8b81d1,Stadio Artemio Franchi,Florence,Italy,IT,43.780884,11.282819,stadium,OpenStreetMap,https://www.openstreetmap.org/way/28653500,2026-07-15,
1934,"Stadio Luigi Ferraris, Genoa",86bd0d8b9efd0107,Stadio Luigi Ferraris,Genoa,Italy,IT,44.416475,8.952534,stadium,OpenStreetMap,https://www.openstreetmap.org/way/379998036,2026-07-15,
1934,"Stadio Giorgio Ascarelli, Naples",088c387cd4f3b0d3,Stadio Giorgio Ascarelli,Naples,Italy,IT,40.859722,14.293333,stadium,Wikidata,https://www.wikidata.org/wiki/Q1010594,2026-07-15,
1934,"Stadio San Siro, Milan",7b4dfe190c7d5981,Stadio San Siro,Milan,Italy,IT,45.4782,9.123964,stadium,OpenStreetMap,https://www.openstreetmap.org/way/218520505,2026-07-15,
1934,"Stadio Nazionale PNF, Rome",99590fee7b7be302,Stadio Olimpico,Rome,Italy,IT,41.927222,12.472222,stadium,Wikidata,https://www.wikidata.org/wiki/Q642958,2026-07-15,
1934,"Stadio Littorio, Trieste",31884f16c167b519,Stadio Nereo Rocco,Trieste,Italy,IT,45.622689,13.792638,stadium,OpenStreetMap,https://www.openstreetmap.org/way/936832898,2026-07-15,
1938,"Parc des Princes, Paris",f357e447f5cd5297,Parc des Princes,Paris,France,FR,48.841363,2.253069,stadium,OpenStreetMap,https://www.openstreetmap.org/way/53559935,2026-07-15,
1938,"Vélodrome Municipal, Reims",614437dfccbcbca3,Stade Auguste-Delaune,Reims,France,FR,49.247076,4.024787,stadium,OpenStreetMap,https://www.openstreetmap.org/way/762501755,2026-07-15,
1938,"Stade Olympique de Colombes, Paris",93ff29a26750e0c7,Stade Olympique Yves-du-Manoir,Colombes,France,FR,48.930284,2.24988,stadium,OpenStreetMap,https://www.openstreetmap.org/way/39245149,2026-07-15,
1938,"Stade Chapou, Toulouse",2957cdd19a3810b3,Stadium de Toulouse,Toulouse,France,FR,43.583226,1.434064,stadium,OpenStreetMap,https://www.openstreetmap.org/way/534217397,2026-07-15,
1938,"Stade Vélodrome, Marseille",5294b1274a5ad757,Stade Vélodrome,Marseille,France,FR,43.269836,5.395912,stadium,OpenStreetMap,https://www.openstreetmap.org/way/172853962,2026-07-15,
1938,"Stade de la Meinau, Strasbourg",94c1036b4024944d,Stade de la Meinau,Strasbourg,France,FR,48.559948,7.755122,stadium,OpenStreetMap,https://www.openstreetmap.org/relation/3856635,2026-07-15,
1938,"Stade municipal, Le Havre",22b587acb9e7ca3c,Stade Océane,Le Havre,France,FR,49.498751,0.169464,stadium,OpenStreetMap,https://www.openstreetmap.org/way/238067304,2026-07-15,
1938,"Stade Gerland, Lyon",430a43a70e1fa59a,Stade de Gerland,Lyon,France,FR,45.723776,4.832252,stadium,OpenStreetMap,https://www.openstreetmap.org/way/4585967,2026-07-15,
1938,"Parc Lescure, Bordeaux",af2244043af55faa,Stade Chaban-Delmas,Bordeaux,France,FR,44.829308,-0.598264,stadium,OpenStreetMap,https://www.openstreetmap.org/way/268785934,2026-07-15,
1938,"Stade Victor Boucquey, Lille",f305789e8390270c,Stade Victor Boucquey,Lille,France,FR,50.6375,3.036111,stadium,Wikidata,https://www.wikidata.org/wiki/Q901844,2026-07-15,
1938,"Stade du Fort Carré, Antibes",d49902684f629a58,Stade du Fort Carré,Antibes,France,FR,43.590979,7.125418,stadium,OpenStreetMap,https://www.openstreetmap.org/way/292942244,2026-07-15,
1950,"Estádio do Maracanã, Rio de Janeiro",45531353cdd4cc1e,Estádio do Maracanã,Rio de Janeiro,Brazil,BR,-22.912162,-43.231186,stadium,OpenStreetMap,https://www.openstreetmap.org/relation/4587734,2026-07-15,
1950,"Estádio Independência, Belo Horizonte",27ee04b975d86a58,Estádio Independência,Belo Horizonte,Brazil,BR,-19.908353,-43.917778,stadium,OpenStreetMap,https://www.openstreetmap.org/way/31281833,2026-07-15,
1950,"Estádio do Pacaembu, São Paulo",32cf8e58776fd51f,Estádio do Pacaembu,São Paulo,Brazil,BR,-23.548564,-46.665352,stadium,OpenStreetMap,https://www.openstreetmap.org/way/666148829,2026-07-15,
1950,"Estádio dos Eucaliptos, Porto Alegre",b0f95d3369b19a9b,Estádio dos Eucaliptos,Porto Alegre,Brazil,BR,-30.061715,-51.227347,stadium,OpenStreetMap,https://www.openstreetmap.org/way/242673983,2026-07-15,
1950,"Estádio Durival de Britto, Curitiba",5a375e3d6c9fa5e1,Estádio Durival de Britto,Curitiba,Brazil,BR,-25.4831,-49.2367,stadium,OpenStreetMap,https://www.openstreetmap.org/way/634198717,2026-07-15,
1950,"Estádio Ilha do Retiro, Recife",3cda10c36d6f8e33,Estádio Ilha do Retiro,Recife,Brazil,BR,-8.06301,-34.903601,stadium,OpenStreetMap,https://www.openstreetmap.org/relation/8330801,2026-07-15,
1950,"Estádio Durival Britto, Curitiba",5eb74ac30a2c9a65,Estádio Durival de Britto,Curitiba,Brazil,BR,-25.4831,-49.2367,stadium,OpenStreetMap,https://www.openstreetmap.org/way/634198717,2026-07-15,
1954,"Charmilles Stadium, Geneva",09fadd8934aa4927,Stade de Charmilles,Geneva,Switzerland,CH,46.2091,6.1182,stadium,Wikidata,https://www.wikidata.org/wiki/Q259827,2026-07-15,
1954,"Stade Olympique de la Pontaise, Lausanne",868e4ce50a5dc0ce,Stade Olympique de la Pontaise,Lausanne,Switzerland,CH,46.533228,6.624317,stadium,OpenStreetMap,https://www.openstreetmap.org/way/45746506,2026-07-15,
1954,"Wankdorf Stadium, Bern",050499c64e706565,Wankdorf Stadium,Bern,Switzerland,CH,46.963104,7.464864,stadium,OpenStreetMap,https://www.openstreetmap.org/way/32485183,2026-07-15,
1954,"Hardturm Stadium, Zürich",5b11798b5ef9ac56,Hardturm,Zürich,Switzerland,CH,47.3903,8.5072,stadium,OpenStreetMap,https://www.openstreetmap.org/way/27365266,2026-07-15,
1954,"St. Jakob Stadium, Basel",127b02aff5e36769,St. Jakob-Park,Basel,Switzerland,CH,47.541646,7.620125,stadium,OpenStreetMap,https://www.openstreetmap.org/way/24887273,2026-07-15,
1954,"Cornaredo Stadium, Lugano",41fe1432e63d6420,Stadio Cornaredo,Lugano,Switzerland,CH,46.023828,8.961178,stadium,OpenStreetMap,https://www.openstreetmap.org/way/32639949,2026-07-15,
1958,"Malmö Stadion, Malmö",b7404af7ca22f9c8,Eleda Stadion,Malmö,Sweden,SE,55.583734,12.987735,stadium,OpenStreetMap,https://www.openstreetmap.org/way/175446799,2026-07-15,
1958,"Örjans Vall, Halmstad",18ef6f4a0166c268,Örjans Vall,Halmstad,Sweden,SE,56.684904,12.867997,stadium,OpenStreetMap,https://www.openstreetmap.org/relation/1326589,2026-07-15,
1958,"Olympiastadion, Helsingborg",95a0ca2ef4b5c898,Olympia,Helsingborg,Sweden,SE,56.0692,12.6944,stadium,OpenStreetMap,https://www.openstreetmap.org/relation/5892720,2026-07-15,
1958,"Idrottsparken, Norrköping",4f794c3ead30ad16,Östgötaporten,Norrköping,Sweden,SE,58.584393,16.172058,stadium,OpenStreetMap,https://www.openstreetmap.org/relation/1440621,2026-07-15,
1958,"Arosvallen, Västerås",b2123ff1fd1c889b,Arosvallen,Västerås,Sweden,SE,59.620402,16.540613,stadium,OpenStreetMap,https://www.openstreetmap.org/way/89561816,2026-07-15,
1958,"Eyravallen, Örebro",108d4d3511c058ee,Behrn Arena,Örebro,Sweden,SE,59.266283,15.223386,stadium,OpenStreetMap,https://www.openstreetmap.org/way/88294316,2026-07-15,
1958,"Tunavallen, Eskilstuna",e4119ac4cd9633aa,Tunavallen,Eskilstuna,Sweden,SE,59.370669,16.495953,stadium,OpenStreetMap,https://www.openstreetmap.org/relation/4536984,2026-07-15,
1958,"Råsunda Stadium, Solna",020af98914a65349,Råsunda Stadium,Solna,Sweden,SE,59.372222,18.001389,stadium,Wikidata,https://www.wikidata.org/wiki/Q861914,2026-07-15,
1958,"Jernvallen, Sandviken",c1d633dc77d8a115,Jernvallen,Sandviken,Sweden,SE,60.608131,16.772484,stadium,OpenStreetMap,https://www.openstreetmap.org/way/30539752,2026-07-15,
1958,"Rimnersvallen, Uddevalla",b48140213b6006bd,Rimnersvallen,Uddevalla,Sweden,SE,58.357058,11.949299,stadium,OpenStreetMap,https://www.openstreetmap.org/way/89504743,2026-07-15,
1958,"Ullevi, Gothenburg",5700d83d86ea2060,Ullevi,Gothenburg,Sweden,SE,57.70592,11.987328,stadium,OpenStreetMap,https://www.openstreetmap.org/way/13893118,2026-07-15,
1958,"Ryavallen, Borås",ce5c5f17a41abe9e,Ryavallen,Borås,Sweden,SE,57.735707,12.93493,stadium,OpenStreetMap,https://www.openstreetmap.org/way/37997781,2026-07-15,
1962,"Estadio Carlos Dittborn, Arica",d7254aed608c6c00,Estadio Carlos Dittborn,Arica,Chile,CL,-18.48746,-70.299121,stadium,OpenStreetMap,https://www.openstreetmap.org/way/104367035,2026-07-15,
1962,"Estadio Nacional, Santiago",eb0e5deb107186cb,Estadio Nacional Julio Martínez Prádanos,Santiago,Chile,CL,-33.464382,-70.610618,stadium,OpenStreetMap,https://www.openstreetmap.org/way/28092600,2026-07-15,
1962,"Estadio Sausalito, Viña del Mar",ba9526e2b6f9d019,Estadio Sausalito,Viña del Mar,Chile,CL,-33.014447,-71.534144,stadium,OpenStreetMap,https://www.openstreetmap.org/relation/1914626,2026-07-15,
1962,"Estadio El Teniente, Rancagua",f05d6c7cf57f4e5b,Estadio El Teniente,Rancagua,Chile,CL,-34.17781,-70.737548,stadium,OpenStreetMap,https://www.openstreetmap.org/way/628756140,2026-07-15,
1966,"Wembley Stadium, London",36868f57ca37558a,Wembley Stadium,London,England,GB,51.556069,-0.279603,stadium,OpenStreetMap,https://www.openstreetmap.org/relation/12942436,2026-07-15,
1966,"White City Stadium, London",20bd72bc7f987252,White City Stadium,London,England,GB,51.510278,-0.224444,stadium,Wikidata,https://www.wikidata.org/wiki/Q1543693,2026-07-15,
1966,"Hillsborough Stadium, Sheffield",9f256e64c2ca8d3d,Hillsborough Stadium,Sheffield,England,GB,53.411379,-1.500631,stadium,OpenStreetMap,https://www.openstreetmap.org/way/23049323,2026-07-15,
1966,"Villa Park, Birmingham",f9e6cc2760a5b43b,Villa Park,Birmingham,England,GB,52.509126,-1.885035,stadium,OpenStreetMap,https://www.openstreetmap.org/way/23136743,2026-07-15,
1966,"Goodison Park, Liverpool",9f5a03d7eca2a40f,Goodison Park,Liverpool,England,GB,53.43869,-2.966419,stadium,OpenStreetMap,https://www.openstreetmap.org/way/154716043,2026-07-15,
1966,"Old Trafford, Manchester",3d74c7c8b5ad4bde,Old Trafford,Manchester,England,GB,53.46311,-2.291387,stadium,OpenStreetMap,https://www.openstreetmap.org/way/99403577,2026-07-15,
1966,"Ayresome Park, Middlesbrough",5f605ac66bb787c5,Ayresome Park,Middlesbrough,England,GB,54.566736,-1.242152,stadium,OpenStreetMap,https://www.openstreetmap.org/way/47121540,2026-07-15,
1966,"Roker Park, Sunderland",de3fea95b89739f3,Roker Park,Sunderland,England,GB,54.923805,-1.370115,stadium,OpenStreetMap,https://www.openstreetmap.org/relation/10773936,2026-07-15,
1970,"Estadio Azteca, Mexico City",d8059628f67f100e,Estadio Azteca,Mexico City,Mexico,MX,19.302979,-99.15047,stadium,OpenStreetMap,https://www.openstreetmap.org/way/4758704,2026-07-15,
1970,"Estadio Cuauhtémoc, Puebla",d90cdcffb6f354bb,Estadio Cuauhtémoc,Puebla,Mexico,MX,19.078031,-98.164365,stadium,OpenStreetMap,https://www.openstreetmap.org/way/665861984,2026-07-15,
1970,"Estadio Luis Dosal, Toluca",12657e30c68e2c35,Estadio Nemesio Díez,Toluca,Mexico,MX,19.287106,-99.666564,stadium,OpenStreetMap,https://www.openstreetmap.org/way/204164581,2026-07-15,
1970,"Estadio Jalisco, Guadalajara",aab2c4b788068047,Estadio Jalisco,Guadalajara,Mexico,MX,20.704786,-103.327674,stadium,OpenStreetMap,https://www.openstreetmap.org/way/1014985700,2026-07-15,
1970,"Estadio Nou Camp, León",0e2b7ef69dacd7d6,Estadio Nou Camp,León,Mexico,MX,21.115446,-101.657676,stadium,OpenStreetMap,https://www.openstreetmap.org/way/1014988419,2026-07-15,
1974,"Olympiastadion, West Berlin",73c93c5fc466228a,Olympiastadion Berlin,Berlin,Germany,DE,52.514585,13.239814,stadium,OpenStreetMap,https://www.openstreetmap.org/way/38862723,2026-07-15,
1974,"Volksparkstadion, Hamburg",5114ff0b87f312e2,Volksparkstadion,Hamburg,Germany,DE,53.587153,9.898706,stadium,OpenStreetMap,https://www.openstreetmap.org/way/19617443,2026-07-15,
1974,"Waldstadion, Frankfurt",645a38b44ced6cff,Waldstadion,Frankfurt,Germany,DE,50.06861,8.645415,stadium,OpenStreetMap,https://www.openstreetmap.org/way/5117941,2026-07-15,
1974,"Westfalenstadion, Dortmund",04c5b1ef6df6e64e,Westfalenstadion,Dortmund,Germany,DE,51.492492,7.451855,stadium,OpenStreetMap,https://www.openstreetmap.org/way/17235929,2026-07-15,
1974,"Parkstadion, Gelsenkirchen",c9112b3f49658ad3,Parkstadion,Gelsenkirchen,Germany,DE,51.559259,7.067577,stadium,OpenStreetMap,https://www.openstreetmap.org/way/770742075,2026-07-15,
1974,"Niedersachsenstadion, Hanover",c33e33257d8740f3,Niedersachsenstadion,Hanover,Germany,DE,52.360026,9.731016,stadium,OpenStreetMap,https://www.openstreetmap.org/way/9923195,2026-07-15,
1974,"Rheinstadion, Düsseldorf",2c6b71a6a579d049,Rheinstadion,Düsseldorf,Germany,DE,51.261019,6.731779,stadium,OpenStreetMap,https://www.openstreetmap.org/way/1286175140,2026-07-15,
1974,"Olympiastadion, München",4331854e7b00a2e0,Olympiastadion München,Munich,Germany,DE,48.173131,11.546479,stadium,OpenStreetMap,https://www.openstreetmap.org/way/419656920,2026-07-15,
1974,"Neckarstadion, Stuttgart",63bca91ba11f9bb6,Mercedes-Benz Arena,Stuttgart,Germany,DE,48.792249,9.232086,stadium,OpenStreetMap,https://www.openstreetmap.org/way/3869991,2026-07-15,
1978,"Estadio Monumental, Buenos Aires",ee247d0d20bd3bfd,Estadio Monumental,Buenos Aires,Argentina,AR,-34.545293,-58.449739,stadium,OpenStreetMap,https://www.openstreetmap.org/relation/1646999,2026-07-15,
1978,"Estadio José María Minella, Mar del Plata",f6ff9c694f124952,Estadio José María Minella,Mar del Plata,Argentina,AR,-38.017899,-57.582406,stadium,OpenStreetMap,https://www.openstreetmap.org/way/121848199,2026-07-15,
1978,"Estadio Gigante de Arroyito, Rosario",5a21baccb0b88f83,Estadio Gigante de Arroyito,Rosario,Argentina,AR,-32.914023,-60.674499,stadium,OpenStreetMap,https://www.openstreetmap.org/way/73878564,2026-07-15,
1978,"Estadio Chateau Carreras, Córdoba",49336bb677725ec7,Estadio Chateau Carreras,Córdoba,Argentina,AR,-31.368847,-64.246145,stadium,OpenStreetMap,https://www.openstreetmap.org/way/154248210,2026-07-15,
1978,"Estadio Olímpico Chateau Carreras, Córdoba",63386466aa27d09b,Estadio Olímpico Chateau Carreras,Córdoba,Argentina,AR,-31.368847,-64.246145,stadium,OpenStreetMap,https://www.openstreetmap.org/way/154248210,2026-07-15,
1978,"Estadio José Amalfitani, Buenos Aires",c7cefef90aaf4f7c,Estadio José Amalfitani,Buenos Aires,Argentina,AR,-34.635338,-58.520679,stadium,OpenStreetMap,https://www.openstreetmap.org/way/23243149,2026-07-15,
1978,"Estadio José Maria Minella, Mar del Plata",57561dac55ce8b01,Estadio José María Minella,Mar del Plata,Argentina,AR,-38.017899,-57.582406,stadium,OpenStreetMap,https://www.openstreetmap.org/way/121848199,2026-07-15,
1978,"Estadio Ciudad de Mendoza, Mendoza",9f4f9d790df9aa30,Estadio Malvinas Argentinas,Mendoza,Argentina,AR,-32.889678,-68.879901,stadium,OpenStreetMap,https://www.openstreetmap.org/way/97853728,2026-07-15,
1982,"Balaídos, Vigo",9bba7a424af2e418,Estadio Abanca Balaídos,Vigo,Spain,ES,42.211766,-8.739666,stadium,OpenStreetMap,https://www.openstreetmap.org/relation/2651229,2026-07-15,
1982,"Estadio de Riazor, A Coruña",ec0d433cc91defa4,Estadio de Riazor,A Coruña,Spain,ES,43.368716,-8.41751,stadium,OpenStreetMap,https://www.openstreetmap.org/way/34237293,2026-07-15,
1982,"El Molinón, Gijón",11c9ba7e9fcfd690,Estadio El Molinón,Gijón,Spain,ES,43.536271,-5.637477,stadium,OpenStreetMap,https://www.openstreetmap.org/way/4540461,2026-07-15,
1982,"Estadio Carlos Tartiere, Oviedo",6f4290b61126a2cc,Estadio Carlos Tartiere,Oviedo,Spain,ES,43.360872,-5.870332,stadium,OpenStreetMap,https://www.openstreetmap.org/way/242234184,2026-07-15,
1982,"Camp Nou, Barcelona",3959c7fb85e8c7fb,Camp Nou,Barcelona,Spain,ES,41.380778,2.115649,stadium,OpenStreetMap,https://www.openstreetmap.org/node/13410497373,2026-07-15,
1982,"Nuevo Estadio, Elche",1ca756f4256621dd,Estadio Manuel Martínez Valero,Elche,Spain,ES,38.267044,-0.663305,stadium,OpenStreetMap,https://www.openstreetmap.org/way/79833556,2026-07-15,
1982,"Estadio José Rico Pérez, Alicante",44ffd42b71533b6e,Estadio José Rico Pérez,Alicante,Spain,ES,38.357346,-0.492597,stadium,OpenStreetMap,https://www.openstreetmap.org/way/43292292,2026-07-15,
1982,"Estadio San Mamés, Bilbao",be2dc0ddfae7b38e,Estadio San Mamés,Bilbao,Spain,ES,43.264204,-2.949391,stadium,OpenStreetMap,https://www.openstreetmap.org/way/59171758,2026-07-15,
1982,"Estadio José Zorrilla, Valladolid",9971a7652d3c01d4,Estadio José Zorrilla,Valladolid,Spain,ES,41.644579,-4.761264,stadium,OpenStreetMap,https://www.openstreetmap.org/way/26947312,2026-07-15,
1982,"Estadio Luis Casanova, Valencia",3068ee6c881e0189,Estadio Luis Casanova,Valencia,Spain,ES,39.474528,-0.358157,stadium,OpenStreetMap,https://www.openstreetmap.org/way/8082830,2026-07-15,
1982,"La Romareda, Zaragoza",b10396ad12948367,Estadio La Romareda,Zaragoza,Spain,ES,41.643034,-0.901014,stadium,OpenStreetMap,https://www.openstreetmap.org/way/23734990,2026-07-15,
1982,"Estadio Ramón Sánchez Pizjuán, Seville",5eba53e34b3dc03d,Estadio Ramón Sánchez Pizjuán,Seville,Spain,ES,37.384088,-5.970631,stadium,OpenStreetMap,https://www.openstreetmap.org/way/22742138,2026-07-15,
1982,"Estadio La Rosaleda, Málaga",3164ddf0c27b3e83,Estadio La Rosaleda,Málaga,Spain,ES,36.734943,-4.426535,stadium,OpenStreetMap,https://www.openstreetmap.org/way/146539049,2026-07-15,
1982,"Estadio Benito Villamarín, Seville",b7a6d21240ecd805,Estadio Benito Villamarín,Seville,Spain,ES,37.35645,-5.980918,stadium,OpenStreetMap,https://www.openstreetmap.org/way/28355046,2026-07-15,
1982,"Estadio Santiago Bernabéu, Madrid",19d68772994c28a8,Estadio Santiago Bernabéu,Madrid,Spain,ES,40.453044,-3.688197,stadium,OpenStreetMap,https://www.openstreetmap.org/way/1507411898,2026-07-15,
1982,"Estadio Sarriá, Barcelona",f7dc58e494ef2db0,Estadio Sarriá,Barcelona,Spain,ES,41.391111,2.138889,stadium,Wikidata,https://www.wikidata.org/wiki/Q746886,2026-07-15,
1982,"Estadio Vicente Calderón, Madrid",62403c806436d14f,Estadio Vicente Calderón,Madrid,Spain,ES,40.401667,-3.720556,stadium,Wikidata,https://www.wikidata.org/wiki/Q207626,2026-07-15,
1982,Estadio Santiago Bernabéu,4fd4fd24d9438b53,Estadio Santiago Bernabéu,Madrid,Spain,ES,40.453044,-3.688197,stadium,OpenStreetMap,https://www.openstreetmap.org/way/1507411898,2026-07-15,
1986,"Estadio Azteca, Mexico City",82f59ecd79db8c9e,Estadio Azteca,Mexico City,Mexico,MX,19.302979,-99.15047,stadium,OpenStreetMap,https://www.openstreetmap.org/way/4758704,2026-07-15,
1986,"Estadio Olímpico Universitario, Mexico City",1f8fd915d2db7372,Estadio Olímpico Universitario,Mexico City,Mexico,MX,19.331688,-99.192286,stadium,OpenStreetMap,https://www.openstreetmap.org/relation/14549034,2026-07-15,
1986,"Estadio Cuauhtémoc, Puebla",2d468751bbae564a,Estadio Cuauhtémoc,Puebla,Mexico,MX,19.078031,-98.164365,stadium,OpenStreetMap,https://www.openstreetmap.org/way/665861984,2026-07-15,
1986,"Estadio Nemesio Díez, Toluca",582f3493d06fbdea,Estadio Nemesio Díez,Toluca,Mexico,MX,19.287106,-99.666564,stadium,OpenStreetMap,https://www.openstreetmap.org/way/204164581,2026-07-15,
1986,"Estadio Nou Camp, León",d210846312b3fd4f,Estadio Nou Camp,León,Mexico,MX,21.115446,-101.657676,stadium,OpenStreetMap,https://www.openstreetmap.org/way/1014988419,2026-07-15,
1986,"Estadio Sergio León Chavez, Irapuato",10b7c8f2163bb280,Estadio Sergio León Chávez,Irapuato,Mexico,MX,20.684499,-101.356357,stadium,OpenStreetMap,https://www.openstreetmap.org/way/1022538058,2026-07-15,
1986,"Estadio Jalisco, Guadalajara",50be50e1f8d2e3e2,Estadio Jalisco,Guadalajara,Mexico,MX,20.704786,-103.327674,stadium,OpenStreetMap,https://www.openstreetmap.org/way/1014985700,2026-07-15,
1986,"Estadio Tres de Marzo, Guadalajara",00e93cecec4a1760,Estadio Tres de Marzo,Guadalajara,Mexico,MX,20.7,-103.3667,stadium,OpenStreetMap,https://www.openstreetmap.org/node/9675682930,2026-07-15,
1986,"Estadio Tecnológico, Monterrey",e8ed900c8ce86098,Estadio Tecnológico,Monterrey,Mexico,MX,25.65225,-100.286417,stadium,Wikidata,https://www.wikidata.org/wiki/Q1369652,2026-07-15,
1986,"Estadio La Corregidora, Querétaro",17437c282dd12bef,Estadio La Corregidora,Querétaro,Mexico,MX,20.577645,-100.366321,stadium,OpenStreetMap,https://www.openstreetmap.org/way/162246990,2026-07-15,
1986,"Estadio Neza 86, Nezahualcóyotl",8047a00cb2b5e987,Estadio Neza 86,Nezahualcóyotl,Mexico,MX,19.405772,-98.987064,stadium,OpenStreetMap,https://www.openstreetmap.org/way/280279000,2026-07-15,
1986,"Estadio Universitario, Monterrey",560c03d9a8db7280,Estadio Universitario,Monterrey,Mexico,MX,25.722806,-100.312056,stadium,Wikidata,https://www.wikidata.org/wiki/Q771800,2026-07-15,
1990,"Stadio Olimpico, Rome",4771fd726a55360f,Stadio Olimpico,Rome,Italy,IT,41.938766,12.458134,stadium,OpenStreetMap,https://www.openstreetmap.org/node/324815671,2026-07-15,
1990,"Stadio Comunale, Florence",8bd04f4466c55116,Stadio Artemio Franchi,Florence,Italy,IT,43.780884,11.282819,stadium,OpenStreetMap,https://www.openstreetmap.org/way/28653500,2026-07-15,
1990,"San Siro, Milan",88c81b9b07604ae7,Stadio San Siro,Milan,Italy,IT,45.4782,9.123964,stadium,OpenStreetMap,https://www.openstreetmap.org/way/218520505,2026-07-15,
1990,"Stadio San Nicola, Bari",faf419d1a9fe9c4c,Stadio San Nicola,Bari,Italy,IT,41.084728,16.840085,stadium,OpenStreetMap,https://www.openstreetmap.org/way/28693751,2026-07-15,
1990,"Stadio San Paolo, Naples",6cb5a7bacf0a1de3,Stadio Diego Armando Maradona,Naples,Italy,IT,40.827977,14.192889,stadium,OpenStreetMap,https://www.openstreetmap.org/way/22790881,2026-07-15,
1990,"Stadio Delle Alpi, Turin",00f940206b15dbb3,Stadio Delle Alpi,Turin,Italy,IT,45.109561,7.641261,stadium,Wikidata,https://www.wikidata.org/wiki/Q215493,2026-07-15,
1990,"Stadio Luigi Ferraris, Genoa",0d70eafa094d3b99,Stadio Luigi Ferraris,Genoa,Italy,IT,44.416475,8.952534,stadium,OpenStreetMap,https://www.openstreetmap.org/way/379998036,2026-07-15,
1990,"Stadio Renato Dall'Ara, Bologna",0ec93e833704bc61,Stadio Renato Dall'Ara,Bologna,Italy,IT,44.492317,11.309997,stadium,OpenStreetMap,https://www.openstreetmap.org/way/823094953,2026-07-15,
1990,"Stadio Marc'Antonio Bentegodi, Verona",82755b3d425d68b5,Stadio Marc'Antonio Bentegodi,Verona,Italy,IT,45.4356,10.9683,stadium,OpenStreetMap,https://www.openstreetmap.org/relation/1695721,2026-07-15,
1990,"Stadio Friuli, Udine",c7a4f05f658398d0,Stadio Friuli,Udine,Italy,IT,46.081402,13.199741,stadium,OpenStreetMap,https://www.openstreetmap.org/way/566753907,2026-07-15,
1990,"Stadio Sant'Elia, Cagliari",c675fbc200d45a4c,Stadio Sant'Elia,Cagliari,Italy,IT,39.199424,9.134805,stadium,OpenStreetMap,https://www.openstreetmap.org/way/623799113,2026-07-15,
1990,"Stadio La Favorita, Palermo",6190e47dc8b8a54c,Stadio Renzo Barbera,Palermo,Italy,IT,38.152819,13.342011,stadium,OpenStreetMap,https://www.openstreetmap.org/way/353225089,2026-07-15,
1990,"Stadio Artemio Franchi, Florence",1f54d004d063bcfe,Stadio Artemio Franchi,Florence,Italy,IT,43.780884,11.282819,stadium,OpenStreetMap,https://www.openstreetmap.org/way/28653500,2026-07-15,
1990,"Stadio delle Alpi, Turin",00f940206b15dbb3,Stadio Delle Alpi,Turin,Italy,IT,45.109561,7.641261,stadium,Wikidata,https://www.wikidata.org/wiki/Q215493,2026-07-15,
1994,"Pontiac Silverdome, Pontiac",84c3b48cf09f9672,Pontiac Silverdome,Pontiac,United States,US,42.6456,-83.255,stadium,OpenStreetMap,https://www.openstreetmap.org/way/1088613215,2026-07-15,
1994,"Rose Bowl, Pasadena",3a00698d553c4ab0,Rose Bowl,Pasadena,United States,US,34.161349,-118.167667,stadium,OpenStreetMap,https://www.openstreetmap.org/way/5208863,2026-07-15,
1994,"Stanford Stadium, Stanford",498873f079593a7d,Stanford Stadium,Stanford,United States,US,37.434526,-122.161987,stadium,OpenStreetMap,https://www.openstreetmap.org/relation/18564360,2026-07-15,
1994,"Soldier Field, Chicago",1f46872e56b10097,Soldier Field,Chicago,United States,US,41.862336,-87.617648,stadium,OpenStreetMap,https://www.openstreetmap.org/relation/16699535,2026-07-15,
1994,"Cotton Bowl, Dallas",e06c9c00c9ae3139,Cotton Bowl,Dallas,United States,US,32.779612,-96.759602,stadium,OpenStreetMap,https://www.openstreetmap.org/way/27112448,2026-07-15,
1994,"Foxboro Stadium, Foxborough",554e39d59820d2ee,Foxboro Stadium,Foxborough,United States,US,42.0911,-71.2644,stadium,OpenStreetMap,https://www.openstreetmap.org/relation/18511570,2026-07-15,
1994,"Giants Stadium, East Rutherford",4e4831dc804eca0f,Giants Stadium,East Rutherford,United States,US,40.813726,-74.074433,stadium,Wikidata,https://www.wikidata.org/wiki/Q375365,2026-07-15,
1994,"RFK Stadium, Washington",5719a91e19cc95ea,RFK Stadium,"Washington, D.C.",United States,US,38.889839,-76.971902,stadium,OpenStreetMap,https://www.openstreetmap.org/way/298594984,2026-07-15,
1994,"Citrus Bowl, Orlando",315b85e04a11d4a3,Camping World Stadium,Orlando,United States,US,28.53904,-81.40275,stadium,OpenStreetMap,https://www.openstreetmap.org/way/400475584,2026-07-15,
1998,"Stade de France, Saint-Denis",d354ea1e3841e17c,Stade de France,Saint-Denis,France,FR,48.9177,2.350482,stadium,OpenStreetMap,https://www.openstreetmap.org/node/5584582080,2026-07-15,
1998,"Stade de la Mosson, Montpellier",e28d68cc579f857f,Stade de la Mosson,Montpellier,France,FR,43.622022,3.81209,stadium,OpenStreetMap,https://www.openstreetmap.org/way/265589684,2026-07-15,
1998,"Parc Lescure, Bordeaux",02252c517b141d10,Stade Chaban-Delmas,Bordeaux,France,FR,44.829308,-0.598264,stadium,OpenStreetMap,https://www.openstreetmap.org/way/268785934,2026-07-15,
1998,"Stade de la Beaujoire, Nantes",2ee241a2b13bf8f7,Stade de la Beaujoire,Nantes,France,FR,47.256005,-1.524755,stadium,OpenStreetMap,https://www.openstreetmap.org/way/27581749,2026-07-15,
1998,"Stade Geoffroy-Guichard, Saint-Étienne",91c7d1a95a50b515,Stade Geoffroy-Guichard,Saint-Étienne,France,FR,45.460757,4.390093,stadium,OpenStreetMap,https://www.openstreetmap.org/way/499335246,2026-07-15,
1998,"Stade Vélodrome, Marseille",9d88e303dd3f8e4e,Stade Vélodrome,Marseille,France,FR,43.269836,5.395912,stadium,OpenStreetMap,https://www.openstreetmap.org/way/172853962,2026-07-15,
1998,"Stade de Toulouse, Toulouse",ac1b83fdc0489ad8,Stadium de Toulouse,Toulouse,France,FR,43.583226,1.434064,stadium,OpenStreetMap,https://www.openstreetmap.org/way/534217397,2026-07-15,
1998,"Stade Félix Bollaert, Lens",5fe67210b5d3132b,Stade Bollaert-Delelis,Lens,France,FR,50.432824,2.814986,stadium,OpenStreetMap,https://www.openstreetmap.org/way/268785933,2026-07-15,
1998,"Stade Gerland, Lyon",9f519b9078b7eac2,Stade de Gerland,Lyon,France,FR,45.723776,4.832252,stadium,OpenStreetMap,https://www.openstreetmap.org/way/4585967,2026-07-15,
1998,"Parc des Princes, Paris",e6b735a07ae72a68,Parc des Princes,Paris,France,FR,48.841363,2.253069,stadium,OpenStreetMap,https://www.openstreetmap.org/way/53559935,2026-07-15,
2002,"Seoul World Cup Stadium, Seoul",da603e3ee1f15b2f,Seoul World Cup Stadium,Seoul,South Korea,KR,37.568302,126.897248,stadium,OpenStreetMap,https://www.openstreetmap.org/way/168102974,2026-07-15,
2002,"Munsu Cup Stadium, Ulsan",4285651fea8c1195,Ulsan Munsu Football Stadium,Ulsan,South Korea,KR,35.535263,129.259495,stadium,OpenStreetMap,https://www.openstreetmap.org/way/154286470,2026-07-15,
2002,"Asiad Main Stadium, Busan",a31840eb229ac6a5,Busan Asiad Main Stadium,Busan,South Korea,KR,35.190077,129.059548,stadium,OpenStreetMap,https://www.openstreetmap.org/relation/10952708,2026-07-15,
2002,"Daegu World Cup Stadium, Daegu",c4517756524ad17a,Daegu Stadium,Daegu,South Korea,KR,35.829752,128.690125,stadium,OpenStreetMap,https://www.openstreetmap.org/way/32500418,2026-07-15,
2002,"Incheon Munhak Stadium, Incheon",1a1fba1cdb958853,Incheon Munhak Stadium,Incheon,South Korea,KR,37.435077,126.690752,stadium,OpenStreetMap,https://www.openstreetmap.org/way/71498193,2026-07-15,
2002,"Suwon World Cup Stadium, Suwon",46d4cbec5d0f90b3,Suwon World Cup Stadium,Suwon,South Korea,KR,37.286408,127.036805,stadium,OpenStreetMap,https://www.openstreetmap.org/way/175910262,2026-07-15,
2002,"Gwangju World Cup Stadium, Gwangju",e77461d485e9cd2f,Gwangju World Cup Stadium,Gwangju,South Korea,KR,35.133771,126.875004,stadium,OpenStreetMap,https://www.openstreetmap.org/way/489466785,2026-07-15,
2002,"Jeonju World Cup Stadium, Jeonju",fd295233b29a5ea5,Jeonju World Cup Stadium,Jeonju,South Korea,KR,35.868209,127.064551,stadium,OpenStreetMap,https://www.openstreetmap.org/way/655672992,2026-07-15,
2002,"Daejeon World Cup Stadium, Daejeon",fa7905595ee975ec,Daejeon World Cup Stadium,Daejeon,South Korea,KR,36.365253,127.325107,stadium,OpenStreetMap,https://www.openstreetmap.org/way/27770920,2026-07-15,
2002,"Jeju World Cup Stadium, Jeju",3a4428235340ef7b,Jeju World Cup Stadium,Jeju,South Korea,KR,33.246269,126.509107,stadium,OpenStreetMap,https://www.openstreetmap.org/way/175919449,2026-07-15,
2002,"Niigata Stadium, Niigata",70c3c80731e997f0,Denka Big Swan Stadium,Niigata,Japan,JP,37.882576,139.059158,stadium,OpenStreetMap,https://www.openstreetmap.org/way/42744784,2026-07-15,
2002,"Sapporo Dome, Sapporo",72d88ea2a228529e,Sapporo Dome,Sapporo,Japan,JP,43.017802,141.408742,stadium,OpenStreetMap,https://www.openstreetmap.org/node/346170361,2026-07-15,
2002,"Kashima Soccer Stadium, Ibaraki",d7c9d8a09e15f2de,Kashima Soccer Stadium,Kashima,Japan,JP,35.992256,140.636293,stadium,OpenStreetMap,https://www.openstreetmap.org/node/3799418504,2026-07-15,
2002,"Saitama Stadium, Saitama",54e8f885063b72eb,Saitama Stadium 2002,Saitama,Japan,JP,35.903074,139.717606,stadium,OpenStreetMap,https://www.openstreetmap.org/way/119665760,2026-07-15,
2002,"Shizuoka Stadium, Shizuoka",502b261ccb67eec7,Shizuoka Stadium ECOPA,Fukuroi,Japan,JP,34.743431,137.970729,stadium,OpenStreetMap,https://www.openstreetmap.org/way/175920589,2026-07-15,
2002,"International Stadium Yokohama, Yokohama",b5a86b3842041d7c,International Stadium Yokohama,Yokohama,Japan,JP,35.509988,139.606382,stadium,OpenStreetMap,https://www.openstreetmap.org/way/119477713,2026-07-15,
2002,"Kobe Wing Stadium, Kobe",24e73900161a035f,Noevir Stadium Kobe,Kobe,Japan,JP,34.656697,135.16976,stadium,OpenStreetMap,https://www.openstreetmap.org/relation/1721297,2026-07-15,
2002,"Miyagi Stadium, Miyagi",0ff39b9f204a899b,Miyagi Stadium,Rifu,Japan,JP,38.335361,140.950457,stadium,OpenStreetMap,https://www.openstreetmap.org/way/103894920,2026-07-15,
2002,"Nagai Stadium, Osaka",d1893bda67df8c96,Yanmar Stadium Nagai,Osaka,Japan,JP,34.614106,135.518511,stadium,OpenStreetMap,https://www.openstreetmap.org/way/66676943,2026-07-15,
2002,"Ōita Stadium, Ōita",a6735edbdce88104,Oita Bank Dome,Ōita,Japan,JP,33.200556,131.657778,stadium,Wikidata,https://www.wikidata.org/wiki/Q1144596,2026-07-15,
2006,"Allianz Arena, München",0a88b4fe21ed7b5d,Allianz Arena,Munich,Germany,DE,48.2188,11.6247,stadium,OpenStreetMap,https://www.openstreetmap.org/relation/18413487,2026-07-15,
2006,"Veltins-Arena, Gelsenkirchen",b52e7bcfda886229,Veltins-Arena,Gelsenkirchen,Germany,DE,51.5547,7.0675,stadium,OpenStreetMap,https://www.openstreetmap.org/way/147192563,2026-07-15,
2006,"Signal Iduna Park, Dortmund",da57f3c160cc7042,Signal Iduna Park,Dortmund,Germany,DE,51.492492,7.451855,stadium,OpenStreetMap,https://www.openstreetmap.org/way/17235929,2026-07-15,
2006,"AOL Arena, Hamburg",1f3e848acd4aa316,Volksparkstadion,Hamburg,Germany,DE,53.587153,9.898706,stadium,OpenStreetMap,https://www.openstreetmap.org/way/19617443,2026-07-15,
2006,"Olympiastadion, Berlin",05356f8271d1ea85,Olympiastadion Berlin,Berlin,Germany,DE,52.514585,13.239814,stadium,OpenStreetMap,https://www.openstreetmap.org/way/38862723,2026-07-15,
2006,"AWD-Arena, Hannover",504ec27f79bc3889,Niedersachsenstadion,Hanover,Germany,DE,52.360026,9.731016,stadium,OpenStreetMap,https://www.openstreetmap.org/way/9923195,2026-07-15,
2006,"Commerzbank-Arena, Frankfurt",ae5c4f53df66c69e,Deutsche Bank Park,Frankfurt,Germany,DE,50.06861,8.645415,stadium,OpenStreetMap,https://www.openstreetmap.org/way/5117941,2026-07-15,
2006,"Frankenstadion, Nürnberg",cd96b4feb902258d,Max-Morlock-Stadion,Nuremberg,Germany,DE,49.4256,11.1256,stadium,OpenStreetMap,https://www.openstreetmap.org/way/144526202,2026-07-15,
2006,"RheinEnergieStadion, Köln",8a986063e89cda00,RheinEnergieStadion,Cologne,Germany,DE,50.9333,6.875,stadium,OpenStreetMap,https://www.openstreetmap.org/way/145246719,2026-07-15,
2006,"Fritz-Walter-Stadion, Kaiserslautern",6a2937f1b7d08067,Fritz-Walter-Stadion,Kaiserslautern,Germany,DE,49.4347,7.7767,stadium,OpenStreetMap,https://www.openstreetmap.org/way/27880400,2026-07-15,
2006,"Zentralstadion, Leipzig",ba60934936e7b5eb,Red Bull Arena,Leipzig,Germany,DE,51.3456,12.3469,stadium,OpenStreetMap,https://www.openstreetmap.org/way/8015060,2026-07-15,
2006,"Gottlieb-Daimler-Stadion, Stuttgart",0258ad2b1097e1f2,Mercedes-Benz Arena,Stuttgart,Germany,DE,48.792249,9.232086,stadium,OpenStreetMap,https://www.openstreetmap.org/way/3869991,2026-07-15,
2010,"Soccer City, Johannesburg",4475a36c00343875,FNB Stadium,Johannesburg,South Africa,ZA,-26.2347,27.9825,stadium,OpenStreetMap,https://www.openstreetmap.org/way/48848017,2026-07-15,
2010,"Cape Town Stadium, Cape Town",85d2d63fb75a6f29,Cape Town Stadium,Cape Town,South Africa,ZA,-33.9036,18.4106,stadium,OpenStreetMap,https://www.openstreetmap.org/way/626140250,2026-07-15,
2010,"Loftus Versfeld Stadium, Pretoria",0d8ce80344c909d4,Loftus Versfeld Stadium,Pretoria,South Africa,ZA,-25.7531,28.2222,stadium,OpenStreetMap,https://www.openstreetmap.org/way/656161698,2026-07-15,
2010,"Peter Mokaba Stadium, Polokwane",b870cb241f17128e,Peter Mokaba Stadium,Polokwane,South Africa,ZA,-23.9,29.45,stadium,OpenStreetMap,https://www.openstreetmap.org/relation/952159,2026-07-15,
2010,"Royal Bafokeng Stadium, Rustenburg",a11a0eafe2fda0c4,Royal Bafokeng Stadium,Rustenburg,South Africa,ZA,-25.6667,27.25,stadium,OpenStreetMap,https://www.openstreetmap.org/way/61318435,2026-07-15,
2010,"Free State Stadium, Bloemfontein",ffe81fb22ed76521,Free State Stadium,Bloemfontein,South Africa,ZA,-29.1167,26.2,stadium,OpenStreetMap,https://www.openstreetmap.org/way/43791926,2026-07-15,
2010,"Nelson Mandela Bay Stadium, Port Elizabeth",5c481b9157667d37,Nelson Mandela Bay Stadium,Gqeberha,South Africa,ZA,-33.95,25.6,stadium,OpenStreetMap,https://www.openstreetmap.org/way/27345494,2026-07-15,
2010,"Ellis Park Stadium, Johannesburg",4789a700bb49d009,Ellis Park Stadium,Johannesburg,South Africa,ZA,-26.1975,28.06,stadium,OpenStreetMap,https://www.openstreetmap.org/way/50638867,2026-07-15,
2010,"Moses Mabhida Stadium, Durban",fa02105cf2034289,Moses Mabhida Stadium,Durban,South Africa,ZA,-29.8289,31.0214,stadium,OpenStreetMap,https://www.openstreetmap.org/relation/318673,2026-07-15,
2010,"Mbombela Stadium, Nelspruit",9bcad1619b9643f1,Mbombela Stadium,Mbombela,South Africa,ZA,-25.4667,30.9833,stadium,OpenStreetMap,https://www.openstreetmap.org/way/52908226,2026-07-15,
2014,"Arena de São Paulo, São Paulo",3c1fbdf953456102,Arena Corinthians,São Paulo,Brazil,BR,-23.5275,-46.6553,stadium,OpenStreetMap,https://www.openstreetmap.org/way/218678632,2026-07-15,
2014,"Estádio das Dunas, Natal",e31cfcf9e4ba0ed7,Estádio das Dunas,Natal,Brazil,BR,-5.7833,-35.2167,stadium,OpenStreetMap,https://www.openstreetmap.org/relation/3821148,2026-07-15,
2014,"Estádio Castelão, Fortaleza",1f0f2707a06dc76c,Estádio Castelão,Fortaleza,Brazil,BR,-3.7833,-38.5167,stadium,OpenStreetMap,https://www.openstreetmap.org/relation/8822987,2026-07-15,
2014,"Arena Amazônia, Manaus",f58633efbe61bc5d,Arena Amazônia,Manaus,Brazil,BR,-3.0833,-60.0167,stadium,OpenStreetMap,https://www.openstreetmap.org/way/832745951,2026-07-15,
2014,"Estádio Nacional Mané Garrincha, Brasília",7b7d52fd9056e8b0,Estádio Nacional Mané Garrincha,Brasília,Brazil,BR,-15.7833,-47.9,stadium,OpenStreetMap,https://www.openstreetmap.org/way/1013043185,2026-07-15,
2014,"Arena Pernambuco, Recife",2018775e4dfa4754,Arena Pernambuco,Recife,Brazil,BR,-8.0333,-35.0167,stadium,OpenStreetMap,https://www.openstreetmap.org/way/573609268,2026-07-15,
2014,"Arena Fonte Nova, Salvador",04abee488f847fd8,Arena Fonte Nova,Salvador,Brazil,BR,-12.9789,-38.5044,stadium,OpenStreetMap,https://www.openstreetmap.org/relation/3346613,2026-07-15,
2014,"Arena Pantanal, Cuiabá",9c4cd06ad1cd954d,Arena Pantanal,Cuiabá,Brazil,BR,-15.6,-56.0833,stadium,OpenStreetMap,https://www.openstreetmap.org/relation/7220795,2026-07-15,
2014,"Estádio Beira-Rio, Porto Alegre",b497772a12f0ab63,Estádio Beira-Rio,Porto Alegre,Brazil,BR,-30.0653,-51.2358,stadium,OpenStreetMap,https://www.openstreetmap.org/relation/4587043,2026-07-15,
2014,"Estádio do Maracanã, Rio de Janeiro",1a16e16ec97c0349,Estádio do Maracanã,Rio de Janeiro,Brazil,BR,-22.912162,-43.231186,stadium,OpenStreetMap,https://www.openstreetmap.org/relation/4587734,2026-07-15,
2014,"Arena da Baixada, Curitiba",fdbd4f6f430fde83,Arena da Baixada,Curitiba,Brazil,BR,-25.421438,-49.259757,stadium,OpenStreetMap,https://www.openstreetmap.org/way/24781431,2026-07-15,
2014,"Estádio Mineirão, Belo Horizonte",d931fc2a7f24457a,Estádio Mineirão,Belo Horizonte,Brazil,BR,-19.9086,-43.9383,stadium,OpenStreetMap,https://www.openstreetmap.org/way/178504792,2026-07-15,
2018,"Luzhniki Stadium, Moscow",20f44e66a9814c6a,Luzhniki Stadium,Moscow,Russia,RU,55.7156,37.5536,stadium,OpenStreetMap,https://www.openstreetmap.org/relation/162802,2026-07-15,
2018,"Ekaterinburg Arena, Ekaterinburg",4c6d03a74bdf8bc9,Ekaterinburg Arena,Yekaterinburg,Russia,RU,56.832178,60.573936,stadium,OpenStreetMap,https://www.openstreetmap.org/relation/18537813,2026-07-15,
2018,"Saint Petersburg Stadium, Saint Petersburg",4d399ffe71452382,Krestovsky Stadium,Saint Petersburg,Russia,RU,59.9725,30.2214,stadium,OpenStreetMap,https://www.openstreetmap.org/relation/8841754,2026-07-15,
2018,"Rostov Arena, Rostov-on-Don",2ff1c1e380707a2d,Rostov Arena,Rostov-on-Don,Russia,RU,47.2333,39.7167,stadium,OpenStreetMap,https://www.openstreetmap.org/way/137831707,2026-07-15,
2018,"Samara Arena, Samara",c5f68d542c8c3e20,Samara Arena,Samara,Russia,RU,53.2,50.15,stadium,OpenStreetMap,https://www.openstreetmap.org/way/572625474,2026-07-15,
2018,"Volgograd Arena, Volgograd",e673697c4473bcd1,Volgograd Arena,Volgograd,Russia,RU,48.7333,44.5333,stadium,OpenStreetMap,https://www.openstreetmap.org/relation/7718662,2026-07-15,
2018,"Fisht Stadium, Sochi",476d7ab37f13ce86,Fisht Olympic Stadium,Sochi,Russia,RU,43.402222,39.955556,stadium,Wikidata,https://www.wikidata.org/wiki/Q914391,2026-07-15,
2018,"Kazan Arena, Kazan",1e3f7358a25660d2,Kazan Arena,Kazan,Russia,RU,55.8206,49.1622,stadium,OpenStreetMap,https://www.openstreetmap.org/node/5235114798,2026-07-15,
2018,"Mordovia Arena, Saransk",349de4026aad19b0,Mordovia Arena,Saransk,Russia,RU,54.1833,45.1833,stadium,OpenStreetMap,https://www.openstreetmap.org/way/592486130,2026-07-15,
2018,"Kaliningrad Stadium, Kaliningrad",a53d7e4d03ace1e8,Kaliningrad Stadium,Kaliningrad,Russia,RU,54.71,20.51,stadium,OpenStreetMap,https://www.openstreetmap.org/relation/8940837,2026-07-15,
2018,"Spartak Stadium, Moscow",5301c0f65021ced3,Otkritie Arena,Moscow,Russia,RU,55.817589,37.44061,stadium,OpenStreetMap,https://www.openstreetmap.org/relation/4006864,2026-07-15,
2018,"Nizhny Novgorod Stadium, Nizhny Novgorod",7de8966a138610e0,Nizhny Novgorod Stadium,Nizhny Novgorod,Russia,RU,56.3167,43.95,stadium,OpenStreetMap,https://www.openstreetmap.org/node/11169717337,2026-07-15,
2018,"Saint Petersburg Stadium, St. Petersburg",5bb9e80304b0e7d2,Krestovsky Stadium,Saint Petersburg,Russia,RU,59.9725,30.2214,stadium,OpenStreetMap,https://www.openstreetmap.org/relation/8841754,2026-07-15,
2022,"Al Bayt Stadium, Al Khor",f13001cd3afd929b,Al Bayt Stadium,Al Khor,Qatar,QA,25.6509,51.5256,stadium,OpenStreetMap,https://www.openstreetmap.org/way/715878985,2026-07-15,
2022,"Al Thumama Stadium, Doha",bd4416751d52d6ab,Al Thumama Stadium,Doha,Qatar,QA,25.2353,51.5311,stadium,OpenStreetMap,https://www.openstreetmap.org/relation/13417595,2026-07-15,
2022,"Khalifa International Stadium, Al Rayyan",ffc0ec652f87393f,Khalifa International Stadium,Al Rayyan,Qatar,QA,25.263651,51.449225,stadium,OpenStreetMap,https://www.openstreetmap.org/relation/8677986,2026-07-15,
2022,"Ahmad bin Ali Stadium, Al Rayyan",c74f1102497a644d,Ahmad bin Ali Stadium,Al Rayyan,Qatar,QA,25.3291,51.3418,stadium,OpenStreetMap,https://www.openstreetmap.org/way/155036824,2026-07-15,
2022,"Lusail Iconic Stadium, Lusail",ac62ec72c939e1db,Lusail Iconic Stadium,Lusail,Qatar,QA,25.4209,51.4906,stadium,OpenStreetMap,https://www.openstreetmap.org/way/684020896,2026-07-15,
2022,"Stadium 974, Doha",874ae49396503379,Stadium 974,Doha,Qatar,QA,25.2886,51.5674,stadium,OpenStreetMap,https://www.openstreetmap.org/way/984031641,2026-07-15,
2022,"Education City Stadium, Al Rayyan",0e1f65dada8ead73,Education City Stadium,Al Rayyan,Qatar,QA,25.3131,51.4244,stadium,OpenStreetMap,https://www.openstreetmap.org/way/684135642,2026-07-15,
2022,"Al Janoub Stadium, Al Wakrah",d44a990f5503d2c8,Al Janoub Stadium,Al Wakrah,Qatar,QA,25.1714,51.5722,stadium,OpenStreetMap,https://www.openstreetmap.org/way/684148159,2026-07-15,
2026,Mexico City,fd40d3393ea375bc,Mexico City,Mexico City,Mexico,MX,19.4326,-99.1332,city,OpenStreetMap,https://www.openstreetmap.org/relation/1376330,2026-07-15,
2026,Guadalajara (Zapopan),70c64c0ea1459a41,Guadalajara (Zapopan),Guadalajara (Zapopan),Mexico,MX,20.6597,-103.3496,city,OpenStreetMap,https://www.openstreetmap.org/relation/5605790,2026-07-15,
2026,Atlanta,f4a4b3331d4cb24a,Atlanta,Atlanta,United States,US,33.749,-84.388,city,OpenStreetMap,https://www.openstreetmap.org/relation/119557,2026-07-15,
2026,Monterrey (Guadalupe),e2fb50fbb9918ad2,Monterrey (Guadalupe),Monterrey (Guadalupe),Mexico,MX,25.6714,-100.3089,city,OpenStreetMap,https://www.openstreetmap.org/relation/5606450,2026-07-15,
2026,Toronto,b4336703178516d8,Toronto,Toronto,Canada,CA,43.6532,-79.3832,city,OpenStreetMap,https://www.openstreetmap.org/relation/324211,2026-07-15,
2026,San Francisco Bay Area (Santa Clara),5243df794e1c02b6,San Francisco Bay Area (Santa Clara),San Francisco Bay Area (Santa Clara),United States,US,37.3541,-121.9552,city,OpenStreetMap,https://www.openstreetmap.org/relation/112018,2026-07-15,
2026,Los Angeles (Inglewood),8004e71122f39c89,Los Angeles (Inglewood),Los Angeles (Inglewood),United States,US,33.9614,-118.3531,city,OpenStreetMap,https://www.openstreetmap.org/relation/207359,2026-07-15,
2026,Vancouver,9d77e070eedca185,Vancouver,Vancouver,Canada,CA,49.2827,-123.1207,city,OpenStreetMap,https://www.openstreetmap.org/relation/1852574,2026-07-15,
2026,Seattle,21536fac6df6b5f7,Seattle,Seattle,United States,US,47.6062,-122.3321,city,OpenStreetMap,https://www.openstreetmap.org/relation/237385,2026-07-15,
2026,New York/New Jersey (East Rutherford),ae7ee24815e7ac7c,New York/New Jersey (East Rutherford),New York/New Jersey (East Rutherford),United States,US,40.8337,-74.0871,city,OpenStreetMap,https://www.openstreetmap.org/relation/170386,2026-07-15,
2026,Boston (Foxborough),ea51569286616726,Boston (Foxborough),Boston (Foxborough),United States,US,42.3601,-71.0589,city,OpenStreetMap,https://www.openstreetmap.org/relation/61315,2026-07-15,
2026,Philadelphia,5e337b17c00fc0f0,Philadelphia,Philadelphia,United States,US,39.9526,-75.1652,city,OpenStreetMap,https://www.openstreetmap.org/relation/188022,2026-07-15,
2026,Miami (Miami Gardens),49fb2d8e0515fdd3,Miami (Miami Gardens),Miami (Miami Gardens),United States,US,25.7617,-80.1918,city,OpenStreetMap,https://www.openstreetmap.org/relation/121676,2026-07-15,
2026,Houston,80fedc461263cb42,Houston,Houston,United States,US,29.7604,-95.3698,city,OpenStreetMap,https://www.openstreetmap.org/relation/2688911,2026-07-15,
2026,Kansas City,e3fc2f690bccd4df,Kansas City,Kansas City,United States,US,39.0997,-94.5786,city,OpenStreetMap,https://www.openstreetmap.org/relation/141663,2026-07-15,
2026,Dallas (Arlington),ce8e4b0b48b793e9,Dallas (Arlington),Dallas (Arlington),United States,US,32.7767,-96.797,city,OpenStreetMap,https://www.openstreetmap.org/relation/6571629,2026-07-15,
